feature,importance,importance_normalized
EDAD,0.31599561886856886,0.4094172682455549
SANGRADO_MAYOR,0.23247736483226247,0.3012074913549298
CATEGORIA_EDAD,0.06652897689770734,0.08619775197566913
GENERO,0.026836925285597998,0.03477105371865801
HB_PREQX,0.021820294155656648,0.028271294575255235
HIPERTENSION,0.017985052894152788,0.023302194035286546
RIESGO_CARDIOVASCULAR,0.01702181342080751,0.02205418029618677
ERC,0.013676116724809046,0.017719354368667815
HIPOTIROIDISMO,0.011123189581116638,0.014411674151635422
OBESIDAD,0.009687744364792564,0.012551850710766798
ACT_FISICA_METS,0.009282136416783696,0.012026327924574164
RIESGO_METABOLICO,0.005988758777536407,0.007759288776406602
DIABETES,0.005424664406844212,0.00702842428813168
CATEGORIA_HB_PREQX,0.005276399309633112,0.006836325766975987
ASMA,0.004096351314938842,0.005307405751830711
CANCER_ACTIVO,0.0033723587989778025,0.004369370474074907
RIESGO_RESPIRATORIO,0.003001724680212615,0.0038891612579890467
ENF_CEREBROVASCULAR,0.0008536779136646734,0.00110606115561218
ENFERMEDAD_CORONARIA,0.0007141866967492529,0.0009253304442869916
TABAQUISMO,0.00035780975727549633,0.0004635934317692847
CARGA_COMORBILIDADES,0.0002968391172231708,0.00038459729573808016
FALLA_CARDIACA,7.93225406055673e-18,1.0277363338551894e-17
INMUNOSUPRESION,5.669527597870637e-18,7.34567937895503e-18
EPOC,5.281061794782163e-18,6.842366679631025e-18
HIPERTENSION_PULMONAR,4.949466831502839e-19,6.412738242009325e-19
