antecedent_str,support,confidence,lift,antecedent_count,joint_count,antecedent
EDAD_bin=3 & HB_PREQX_bin=0,0.0354066985645933,0.4868421052631579,1.5186567164179106,76,37,"['EDAD_bin=3', 'HB_PREQX_bin=0']"
HIPERTENSION=1 & HIPOTIROIDISMO=1,0.011483253588516746,0.41379310344827586,1.2907874420998455,29,12,"['HIPERTENSION=1', 'HIPOTIROIDISMO=1']"
EDAD_bin=2 & HB_PREQX_bin=3,0.02583732057416268,0.4090909090909091,1.2761194029850746,66,27,"['EDAD_bin=2', 'HB_PREQX_bin=3']"
EDAD_bin=3 & HB_PREQX_bin=2,0.02583732057416268,0.4090909090909091,1.2761194029850746,66,27,"['EDAD_bin=3', 'HB_PREQX_bin=2']"
EDAD_bin=2 & HB_PREQX_bin=1,0.028708133971291867,0.40540540540540543,1.264622831787011,74,30,"['EDAD_bin=2', 'HB_PREQX_bin=1']"
HIPERTENSION=1 & HB_PREQX_bin=2,0.016267942583732056,0.3953488372093023,1.2332523429364803,43,17,"['HIPERTENSION=1', 'HB_PREQX_bin=2']"
GENERO=1 & EDAD_bin=3,0.03444976076555024,0.3870967741935484,1.2075108329321136,93,36,"['GENERO=1', 'EDAD_bin=3']"
EDAD_bin=3,0.10143540669856459,0.38686131386861317,1.206776337291644,274,106,['EDAD_bin=3']
EDAD_bin=1 & HB_PREQX_bin=1,0.020095693779904306,0.38181818181818183,1.191044776119403,55,21,"['EDAD_bin=1', 'HB_PREQX_bin=1']"
HIPERTENSION=1 & EDAD_bin=2,0.01722488038277512,0.3673469387755102,1.1459031373743527,49,18,"['HIPERTENSION=1', 'EDAD_bin=2']"
EDAD_bin=1 & HB_PREQX_bin=3,0.027751196172248804,0.3670886075949367,1.145097298318534,79,29,"['EDAD_bin=1', 'HB_PREQX_bin=3']"
GENERO=1 & HB_PREQX_bin=0,0.023923444976076555,0.36231884057971014,1.1302184728531257,69,25,"['GENERO=1', 'HB_PREQX_bin=0']"
EDAD_bin=2,0.09090909090909091,0.35185185185185186,1.097567716970702,270,95,['EDAD_bin=2']
EDAD_bin=3 & HB_PREQX_bin=1,0.024880382775119617,0.3466666666666667,1.0813930348258707,75,26,"['EDAD_bin=3', 'HB_PREQX_bin=1']"
HB_PREQX_bin=1,0.08325358851674641,0.3359073359073359,1.047830346337809,259,87,['HB_PREQX_bin=1']
HIPOTIROIDISMO=1,0.014354066985645933,0.3333333333333333,1.0398009950248754,45,15,['HIPOTIROIDISMO=1']
